,X,Y,FFMC,DMC,DC,ISI,temp,RH,wind,rain,month_apr,month_aug,month_dec,month_feb,month_jan,month_jul,month_jun,month_mar,month_may,month_nov,month_oct,month_sep,day_fri,day_mon,day_sat,day_sun,day_thu,day_tue,day_wed,Target,Pred
0,1.0073371449472877,0.5693090447775734,-0.8051796372872714,-1.3220451374051507,-1.8287056191141284,-0.860112528747164,-1.8408572337657534,0.41132596856754366,1.4971643784036097,-0.07319741616621765,-0.13297468733880208,-0.7426195429197501,-0.13297468733880205,-0.20040861317402114,-0.06225739754924472,-0.2566159810884448,-0.18421247508458588,2.9253187504154727,-0.062257397549244704,-0.043979949713354255,-0.1726924497247306,-0.7053980506705647,2.2522261145966023,-0.40831334661530866,-0.44002289510544107,-0.47400743785584826,-0.36539455845046487,-0.3755090993024115,-0.341181884497701,0.0,0.0
1,1.0073371449472877,-0.24376492248763465,-0.008094194534680634,-1.178399465123015,0.4884178713839092,-0.5091951014822301,-0.15312995500825427,-0.6917862687493322,-1.7400703382686324,-0.07319741616621765,-0.13297468733880208,-0.7426195429197501,-0.13297468733880205,-0.20040861317402114,-0.06225739754924472,-0.2566159810884448,-0.18421247508458588,-0.3411818844977009,-0.062257397549244704,-0.043979949713354255,5.7794406507876515,-0.7053980506705647,-0.443146341992387,-0.40831334661530866,-0.44002289510544107,-0.47400743785584826,-0.36539455845046487,2.657900343499881,-0.341181884497701,0.0,0.0
2,1.0073371449472877,-0.24376492248763465,-0.008094194534680634,-1.0488060868684796,0.5601729133652331,-0.5091951014822301,-0.73866799049555,-0.6917862687493322,-1.5168127716015813,-0.07319741616621765,-0.13297468733880208,-0.7426195429197501,-0.13297468733880205,-0.20040861317402114,-0.06225739754924472,-0.2566159810884448,-0.18421247508458588,-0.3411818844977009,-0.062257397549244704,-0.043979949713354255,5.7794406507876515,-0.7053980506705647,-0.443146341992387,-0.40831334661530866,2.2682132569125715,-0.47400743785584826,-0.36539455845046487,-0.3755090993024115,-0.341181884497701,0.0,0.0
3,1.4395307581736343,1.3823830120427814,0.191177166153469,-1.2111881511874156,-1.8964294789616702,-0.0047512997888876874,-1.8236355268396562,3.2303905750440043,-0.0098241965989858,0.6025715866540415,-0.13297468733880208,-0.7426195429197501,-0.13297468733880205,-0.20040861317402114,-0.06225739754924472,-0.2566159810884448,-0.18421247508458588,2.9253187504154727,-0.062257397549244704,-0.043979949713354255,-0.1726924497247306,-0.7053980506705647,2.2522261145966023,-0.40831334661530866,-0.44002289510544107,-0.47400743785584826,-0.36539455845046487,-0.3755090993024115,-0.341181884497701,0.0,0.0
4,1.4395307581736343,1.3823830120427814,-0.2435967117115824,-0.9301422706354112,-1.7968592802572487,0.12684273543546243,-1.2897626121306516,3.352958601412546,-1.2377408132677674,-0.07319741616621765,-0.13297468733880208,-0.7426195429197501,-0.13297468733880205,-0.20040861317402114,-0.06225739754924472,-0.2566159810884448,-0.18421247508458588,2.9253187504154727,-0.062257397549244704,-0.043979949713354255,-0.1726924497247306,-0.7053980506705647,-0.443146341992387,-0.40831334661530866,-0.44002289510544107,2.1055909344754524,-0.36539455845046487,-0.3755090993024115,-0.341181884497701,0.0,0.0
5,1.4395307581736343,1.3823830120427814,0.29987063561973054,-0.399277829592736,-0.24162921304405646,1.245392034842439,0.5701817358878166,-0.9369223214864157,0.7715772867356935,-0.07319741616621765,-0.13297468733880208,1.3439799336536782,-0.13297468733880205,-0.20040861317402114,-0.06225739754924472,-0.2566159810884448,-0.18421247508458588,-0.3411818844977009,-0.062257397549244704,-0.043979949713354255,-0.1726924497247306,-0.7053980506705647,-0.443146341992387,-0.40831334661530866,-0.44002289510544107,2.1055909344754524,-0.36539455845046487,-0.3755090993024115,-0.341181884497701,0.0,0.0
7,1.4395307581736343,1.3823830120427814,0.15494600966471428,0.5391031382503458,0.24291887943657023,0.3680984666801044,-1.8753006476179472,2.5562664300170246,-1.0144832466007159,-0.07319741616621765,-0.13297468733880208,1.3439799336536782,-0.13297468733880205,-0.20040861317402114,-0.06225739754924472,-0.2566159810884448,-0.18421247508458588,-0.3411818844977009,-0.062257397549244704,-0.043979949713354255,-0.1726924497247306,-0.7053980506705647,-0.443146341992387,2.444362331764618,-0.44002289510544107,-0.47400743785584826,-0.36539455845046487,-0.3755090993024115,-0.341181884497701,0.0,0.0
8,1.4395307581736343,1.3823830120427814,0.06436811844282879,0.29084594376274175,0.5831506515277921,-0.443398083870055,-0.9969935943870039,1.1467341267787943,0.7715772867356935,-0.07319741616621765,-0.13297468733880208,-0.7426195429197501,-0.13297468733880205,-0.20040861317402114,-0.06225739754924472,-0.2566159810884448,-0.18421247508458588,-0.3411818844977009,-0.062257397549244704,-0.043979949713354255,-0.1726924497247306,1.4148972527985164,-0.443146341992387,-0.40831334661530866,-0.44002289510544107,-0.47400743785584826,-0.36539455845046487,2.657900343499881,-0.341181884497701,0.0,0.0
10,1.0073371449472877,0.5693090447775734,0.3361017921084853,-0.3571209475099353,0.6073377443304856,-0.42146574466599673,-0.187573368860448,0.41132596856754366,1.7762363367374236,-0.07319741616621765,-0.13297468733880208,-0.7426195429197501,-0.13297468733880205,-0.20040861317402114,-0.06225739754924472,-0.2566159810884448,-0.18421247508458588,-0.3411818844977009,-0.062257397549244704,-0.043979949713354255,-0.1726924497247306,1.4148972527985164,-0.443146341992387,-0.40831334661530866,2.2682132569125715,-0.47400743785584826,-0.36539455845046487,-0.3755090993024115,-0.341181884497701,0.0,0.0
11,1.0073371449472877,0.5693090447775734,0.390448526841616,-0.5882031159638056,0.6653867670569499,2.9780468319630504,0.07075223503100593,-0.3853662028279778,-0.0098241965989858,-0.07319741616621765,-0.13297468733880208,-0.7426195429197501,-0.13297468733880205,-0.20040861317402114,-0.06225739754924472,-0.2566159810884448,-0.18421247508458588,-0.3411818844977009,-0.062257397549244704,-0.043979949713354255,-0.1726924497247306,1.4148972527985164,-0.443146341992387,-0.40831334661530866,2.2682132569125715,-0.47400743785584826,-0.36539455845046487,-0.3755090993024115,-0.341181884497701,0.0,0.0
13,0.5751435317209411,0.5693090447775734,0.04625254019845272,0.24400496367074104,0.5585604405117203,-0.443398083870055,0.4151863735529445,-0.1402301500908943,-1.0144832466007159,-0.07319741616621765,-0.13297468733880208,-0.7426195429197501,-0.13297468733880205,-0.20040861317402114,-0.06225739754924472,-0.2566159810884448,-0.18421247508458588,-0.3411818844977009,-0.062257397549244704,-0.043979949713354255,-0.1726924497247306,1.4148972527985164,-0.443146341992387,2.444362331764618,-0.44002289510544107,-0.47400743785584826,-0.36539455845046487,-0.3755090993024115,-0.341181884497701,0.0,0.0
14,0.5751435317209411,0.5693090447775734,0.40856410508599467,0.35017785187927625,0.6113689264642678,0.039113378619228895,1.2934934267838876,-1.4271944269605827,0.2692477617348282,-0.07319741616621765,-0.13297468733880208,-0.7426195429197501,-0.13297468733880205,-0.20040861317402114,-0.06225739754924472,-0.2566159810884448,-0.18421247508458588,-0.3411818844977009,-0.062257397549244704,-0.043979949713354255,-0.1726924497247306,1.4148972527985164,-0.443146341992387,-0.40831334661530866,-0.44002289510544107,-0.47400743785584826,-0.36539455845046487,-0.3755090993024115,2.925318750415473,0.0,0.0
15,0.5751435317209411,0.5693090447775734,0.48102641806350155,0.4735257661215445,0.6690148309773538,1.0699333212099724,0.690733684370495,-0.017662123722352516,0.7715772867356935,-0.07319741616621765,-0.13297468733880208,-0.7426195429197501,-0.13297468733880205,-0.20040861317402114,-0.06225739754924472,-0.2566159810884448,-0.18421247508458588,-0.3411818844977009,-0.062257397549244704,-0.043979949713354255,-0.1726924497247306,1.4148972527985164,2.2522261145966023,-0.40831334661530866,-0.44002289510544107,-0.47400743785584826,-0.36539455845046487,-0.3755090993024115,-0.341181884497701,0.0,0.0
16,0.14294991849459449,0.5693090447775734,0.191177166153469,-1.1721540011107483,-1.883126577920189,-0.2679393702375881,-0.6525594558650653,-1.0594903478549575,0.7715772867356935,-0.07319741616621765,-0.13297468733880208,-0.7426195429197501,-0.13297468733880205,-0.20040861317402114,-0.06225739754924472,-0.2566159810884448,-0.18421247508458588,2.9253187504154727,-0.062257397549244704,-0.043979949713354255,-0.1726924497247306,-0.7053980506705647,-0.443146341992387,-0.40831334661530866,2.2682132569125715,-0.47400743785584826,-0.36539455845046487,-0.3755090993024115,-0.341181884497701,0.0,0.0
17,1.4395307581736343,0.5693090447775734,-1.0406821544641731,-1.2189949812027492,0.4686650789283763,-1.3206916520323897,-0.37701214504751446,0.1661899158304601,0.4925053284018795,-0.07319741616621765,-0.13297468733880208,-0.7426195429197501,-0.13297468733880205,-0.20040861317402114,-0.06225739754924472,-0.2566159810884448,-0.18421247508458588,-0.3411818844977009,-0.062257397549244704,-0.043979949713354255,5.7794406507876515,-0.7053980506705647,-0.443146341992387,2.444362331764618,-0.44002289510544107,-0.47400743785584826,-0.36539455845046487,-0.3755090993024115,-0.341181884497701,0.0,0.0
18,0.5751435317209411,-0.24376492248763465,-0.26171228995595847,-1.295501915353017,-1.9234383992580113,-0.5969244582984636,-0.5147858004562897,-0.5692182423807904,-0.0098241965989858,-0.07319741616621765,-0.13297468733880208,-0.7426195429197501,-0.13297468733880205,-0.20040861317402114,-0.06225739754924472,-0.2566159810884448,-0.18421247508458588,2.9253187504154727,-0.062257397549244704,-0.043979949713354255,-0.1726924497247306,-0.7053980506705647,-0.443146341992387,-0.40831334661530866,-0.44002289510544107,-0.47400743785584826,-0.36539455845046487,-0.3755090993024115,2.925318750415473,0.0,0.0
20,0.5751435317209411,-0.24376492248763465,0.06436811844282879,0.29084594376274175,0.5831506515277921,-0.443398083870055,-0.10146483422996336,-0.26279817645943604,-0.7354112882669019,-0.07319741616621765,-0.13297468733880208,-0.7426195429197501,-0.13297468733880205,-0.20040861317402114,-0.06225739754924472,-0.2566159810884448,-0.18421247508458588,-0.3411818844977009,-0.062257397549244704,-0.043979949713354255,-0.1726924497247306,1.4148972527985164,-0.443146341992387,-0.40831334661530866,-0.44002289510544107,-0.47400743785584826,-0.36539455845046487,2.657900343499881,-0.341181884497701,0.0,0.0
21,0.14294991849459449,-0.24376492248763465,0.20929274439784507,-0.505450717801271,0.7109391251686892,0.039113378619228895,0.03630882117881219,-0.3853662028279778,-0.7354112882669019,-0.07319741616621765,-0.13297468733880208,-0.7426195429197501,-0.13297468733880205,-0.20040861317402114,-0.06225739754924472,-0.2566159810884448,-0.18421247508458588,-0.3411818844977009,-0.062257397549244704,-0.043979949713354255,-0.1726924497247306,1.4148972527985164,-0.443146341992387,2.444362331764618,-0.44002289510544107,-0.47400743785584826,-0.36539455845046487,-0.3755090993024115,-0.341181884497701,0.0,0.0
22,1.0073371449472877,-0.24376492248763465,0.6621822005072725,-0.2275275692553999,-1.4026096675733446,10.325380465322603,0.3635212527746536,-0.017662123722352516,0.2692477617348282,-0.07319741616621765,-0.13297468733880208,-0.7426195429197501,-0.13297468733880205,-0.20040861317402114,-0.06225739754924472,-0.2566159810884448,5.418013973076056,-0.3411818844977009,-0.062257397549244704,-0.043979949713354255,-0.1726924497247306,-0.7053980506705647,-0.443146341992387,-0.40831334661530866,-0.44002289510544107,2.1055909344754524,-0.36539455845046487,-0.3755090993024115,-0.341181884497701,0.0,0.0
23,1.0073371449472877,-0.24376492248763465,-0.08055650751218749,0.00043186719233721224,-0.042488815635213374,-0.618856797502522,0.10519564888319967,-0.0789461369066234,0.9948348534027444,-0.07319741616621765,-0.13297468733880208,1.3439799336536782,-0.13297468733880205,-0.20040861317402114,-0.06225739754924472,-0.2566159810884448,-0.18421247508458588,-0.3411818844977009,-0.062257397549244704,-0.043979949713354255,-0.1726924497247306,-0.7053980506705647,-0.443146341992387,-0.40831334661530866,2.2682132569125715,-0.47400743785584826,-0.36539455845046487,-0.3755090993024115,-0.341181884497701,0.0,0.0
24,1.0073371449472877,-0.24376492248763465,0.5172575745522563,0.44542117806634435,0.1864823295636187,2.473603030269708,0.8285073397792706,-0.753070281933603,0.9948348534027444,-0.07319741616621765,-0.13297468733880208,1.3439799336536782,-0.13297468733880205,-0.20040861317402114,-0.06225739754924472,-0.2566159810884448,-0.18421247508458588,-0.3411818844977009,-0.062257397549244704,-0.043979949713354255,-0.1726924497247306,-0.7053980506705647,-0.443146341992387,-0.40831334661530866,2.2682132569125715,-0.47400743785584826,-0.36539455845046487,-0.3755090993024115,-0.341181884497701,0.0,0.0
25,1.0073371449472877,-0.24376492248763465,0.1368304314203382,0.4922621581583451,0.21550684092685066,0.34616612747604614,-0.44589897275190193,0.9628820872259816,0.7715772867356935,-0.07319741616621765,-0.13297468733880208,1.3439799336536782,-0.13297468733880205,-0.20040861317402114,-0.06225739754924472,-0.2566159810884448,-0.18421247508458588,-0.3411818844977009,-0.062257397549244704,-0.043979949713354255,-0.1726924497247306,-0.7053980506705647,-0.443146341992387,-0.40831334661530866,-0.44002289510544107,2.1055909344754524,-0.36539455845046487,-0.3755090993024115,-0.341181884497701,0.0,0.0
26,1.0073371449472877,-0.24376492248763465,0.3179862138641092,0.10972748740700564,0.4839835710367486,0.6970835547409799,0.019087114252715018,-0.6305022555650613,0.9948348534027444,-0.07319741616621765,-0.13297468733880208,-0.7426195429197501,-0.13297468733880205,-0.20040861317402114,-0.06225739754924472,-0.2566159810884448,-0.18421247508458588,-0.3411818844977009,-0.062257397549244704,-0.043979949713354255,-0.1726924497247306,1.4148972527985164,2.2522261145966023,-0.40831334661530866,-0.44002289510544107,-0.47400743785584826,-0.36539455845046487,-0.3755090993024115,-0.341181884497701,0.0,0.0
27,1.0073371449472877,-0.24376492248763465,0.04625254019845272,0.24400496367074104,0.5585604405117203,-0.443398083870055,0.0879739419571025,0.227473929014731,-1.5168127716015813,-0.07319741616621765,-0.13297468733880208,-0.7426195429197501,-0.13297468733880205,-0.20040861317402114,-0.06225739754924472,-0.2566159810884448,-0.18421247508458588,-0.3411818844977009,-0.062257397549244704,-0.043979949713354255,-0.1726924497247306,1.4148972527985164,-0.443146341992387,2.444362331764618,-0.44002289510544107,-0.47400743785584826,-0.36539455845046487,-0.3755090993024115,-0.341181884497701,0.0,0.0
28,0.5751435317209411,-1.0568388897528427,0.4991419963078802,0.5391031382503458,0.6992486969807207,-0.20214235262541308,1.947918289975571,-1.24334238740777,-0.7354112882669019,-0.07319741616621765,-0.13297468733880208,-0.7426195429197501,-0.13297468733880205,-0.20040861317402114,-0.06225739754924472,-0.2566159810884448,-0.18421247508458588,-0.3411818844977009,-0.062257397549244704,-0.043979949713354255,-0.1726924497247306,1.4148972527985164,-0.443146341992387,-0.40831334661530866,2.2682132569125715,-0.47400743785584826,-0.36539455845046487,-0.3755090993024115,-0.341181884497701,0.0,0.0
29,0.5751435317209411,-1.0568388897528427,0.5172575745522563,0.5999964123699469,0.728273208343953,-0.20214235262541308,0.6735119774443985,-0.32408218964370694,-0.2330817632660369,-0.07319741616621765,-0.13297468733880208,-0.7426195429197501,-0.13297468733880205,-0.20040861317402114,-0.06225739754924472,-0.2566159810884448,-0.18421247508458588,-0.3411818844977009,-0.062257397549244704,-0.043979949713354255,-0.1726924497247306,1.4148972527985164,-0.443146341992387,-0.40831334661530866,-0.44002289510544107,2.1055909344754524,-0.36539455845046487,-0.3755090993024115,-0.341181884497701,0.0,0.0
30,0.5751435317209411,-1.0568388897528427,0.6621822005072725,-0.40240056159886944,0.5819412968876572,1.5085801052911398,1.1212763575229183,-1.24334238740777,-0.2330817632660369,-0.07319741616621765,-0.13297468733880208,-0.7426195429197501,-0.13297468733880205,-0.20040861317402114,-0.06225739754924472,-0.2566159810884448,-0.18421247508458588,-0.3411818844977009,-0.062257397549244704,-0.043979949713354255,-0.1726924497247306,1.4148972527985164,2.2522261145966023,-0.40831334661530866,-0.44002289510544107,-0.47400743785584826,-0.36539455845046487,-0.3755090993024115,-0.341181884497701,0.0,0.0
31,0.5751435317209411,-1.0568388897528427,-0.3704057594222226,-0.297789039393401,0.6528901024422248,-0.42146574466599673,-1.3242060259828456,2.0659943245428574,1.9994939034044745,-0.07319741616621765,-0.13297468733880208,-0.7426195429197501,-0.13297468733880205,-0.20040861317402114,-0.06225739754924472,-0.2566159810884448,-0.18421247508458588,-0.3411818844977009,-0.062257397549244704,-0.043979949713354255,-0.1726924497247306,1.4148972527985164,-0.443146341992387,2.444362331764618,-0.44002289510544107,-0.47400743785584826,-0.36539455845046487,-0.3755090993024115,-0.341181884497701,0.0,0.0
32,0.5751435317209411,-1.0568388897528427,-0.3704057594222226,-0.6428509260711398,0.6403934378274998,-0.7065861543187555,0.29463442507026616,-0.4466502160122487,-1.2377408132677674,-0.07319741616621765,-0.13297468733880208,-0.7426195429197501,-0.13297468733880205,-0.20040861317402114,-0.06225739754924472,-0.2566159810884448,-0.18421247508458588,-0.3411818844977009,-0.062257397549244704,-0.043979949713354255,-0.1726924497247306,1.4148972527985164,2.2522261145966023,-0.40831334661530866,-0.44002289510544107,-0.47400743785584826,-0.36539455845046487,-0.3755090993024115,-0.341181884497701,0.0,0.0
33,0.5751435317209411,-1.0568388897528427,0.191177166153469,-0.5507303318902051,0.6867520323659956,-0.2679393702375881,-0.20479507578654518,-0.32408218964370694,-0.2330817632660369,-0.07319741616621765,-0.13297468733880208,-0.7426195429197501,-0.13297468733880205,-0.20040861317402114,-0.06225739754924472,-0.2566159810884448,-0.18421247508458588,-0.3411818844977009,-0.062257397549244704,-0.043979949713354255,-0.1726924497247306,1.4148972527985164,-0.443146341992387,-0.40831334661530866,-0.44002289510544107,2.1055909344754524,-0.36539455845046487,-0.3755090993024115,-0.341181884497701,0.0,0.0
34,0.5751435317209411,-1.0568388897528427,0.20929274439784507,-0.505450717801271,0.7109391251686892,0.039113378619228895,0.3979646666268473,-0.753070281933603,-0.7354112882669019,-0.07319741616621765,-0.13297468733880208,-0.7426195429197501,-0.13297468733880205,-0.20040861317402114,-0.06225739754924472,-0.2566159810884448,-0.18421247508458588,-0.3411818844977009,-0.062257397549244704,-0.043979949713354255,-0.1726924497247306,1.4148972527985164,-0.443146341992387,2.444362331764618,-0.44002289510544107,-0.47400743785584826,-0.36539455845046487,-0.3755090993024115,-0.341181884497701,0.0,0.0
35,0.5751435317209411,-1.0568388897528427,-0.06244092926781142,-0.4711006657338037,0.7347230997580048,-0.5969244582984636,-0.11868654115606053,1.0854501135945234,0.2692477617348282,-0.07319741616621765,-0.13297468733880208,-0.7426195429197501,-0.13297468733880205,-0.20040861317402114,-0.06225739754924472,-0.2566159810884448,-0.18421247508458588,-0.3411818844977009,-0.062257397549244704,-0.043979949713354255,-0.1726924497247306,1.4148972527985164,-0.443146341992387,-0.40831334661530866,-0.44002289510544107,-0.47400743785584826,-0.36539455845046487,2.657900343499881,-0.341181884497701,0.0,0.0
36,0.5751435317209411,-1.0568388897528427,-0.008094194534680634,-1.178399465123015,0.4884178713839092,-0.5091951014822301,0.484073201257332,-1.24334238740777,0.2692477617348282,-0.07319741616621765,-0.13297468733880208,-0.7426195429197501,-0.13297468733880205,-0.20040861317402114,-0.06225739754924472,-0.2566159810884448,-0.18421247508458588,-0.3411818844977009,-0.062257397549244704,-0.043979949713354255,5.7794406507876515,-0.7053980506705647,-0.443146341992387,-0.40831334661530866,-0.44002289510544107,-0.47400743785584826,-0.36539455845046487,2.657900343499881,-0.341181884497701,0.0,0.0
37,1.0073371449472877,-0.24376492248763465,-0.11678766400094219,-1.083156138935947,0.5428388301899696,-0.07054831740106295,-1.3069843190567485,0.9628820872259816,0.7715772867356935,-0.07319741616621765,-0.13297468733880208,-0.7426195429197501,-0.13297468733880205,-0.20040861317402114,-0.06225739754924472,-0.2566159810884448,-0.18421247508458588,-0.3411818844977009,-0.062257397549244704,-0.043979949713354255,5.7794406507876515,-0.7053980506705647,2.2522261145966023,-0.40831334661530866,-0.44002289510544107,-0.47400743785584826,-0.36539455845046487,-0.3755090993024115,-0.341181884497701,0.0,0.0
38,1.0073371449472877,-1.0568388897528427,-0.008094194534680634,-1.0488060868684796,0.5601729133652331,-0.5091951014822301,-0.187573368860448,-1.0594903478549575,-0.0098241965989858,-0.07319741616621765,-0.13297468733880208,-0.7426195429197501,-0.13297468733880205,-0.20040861317402114,-0.06225739754924472,-0.2566159810884448,-0.18421247508458588,-0.3411818844977009,-0.062257397549244704,-0.043979949713354255,5.7794406507876515,-0.7053980506705647,-0.443146341992387,-0.40831334661530866,2.2682132569125715,-0.47400743785584826,-0.36539455845046487,-0.3755090993024115,-0.341181884497701,0.0,0.0
39,-0.2892436947317521,-0.24376492248763465,-0.46098365064410807,-1.329851967420484,-1.9363381820861145,-1.145232938399923,-0.8247765251260346,-0.0789461369066234,-0.7354112882669019,-0.07319741616621765,-0.13297468733880208,-0.7426195429197501,-0.13297468733880205,-0.20040861317402114,-0.06225739754924472,-0.2566159810884448,-0.18421247508458588,2.9253187504154727,-0.062257397549244704,-0.043979949713354255,-0.1726924497247306,-0.7053980506705647,-0.443146341992387,-0.40831334661530866,-0.44002289510544107,-0.47400743785584826,-0.36539455845046487,2.657900343499881,-0.341181884497701,0.0,0.0
40,-0.2892436947317521,-0.24376492248763465,-2.0189233796605377,-0.7849352323502088,-0.7306116058718435,-1.6496767400932653,0.7596205120748831,-0.4466502160122487,-0.5121537215998508,-0.07319741616621765,-0.13297468733880208,-0.7426195429197501,-0.13297468733880205,-0.20040861317402114,-0.06225739754924472,3.8893359633717415,-0.18421247508458588,-0.3411818844977009,-0.062257397549244704,-0.043979949713354255,-0.1726924497247306,-0.7053980506705647,-0.443146341992387,-0.40831334661530866,-0.44002289510544107,-0.47400743785584826,-0.36539455845046487,2.657900343499881,-0.341181884497701,0.0,0.0
42,-0.2892436947317521,-0.24376492248763465,0.752760091729158,-0.0401636488873969,0.3997318644406997,1.7498358365357818,-0.39423385197361105,0.5951780081203563,0.7715772867356935,-0.07319741616621765,-0.13297468733880208,1.3439799336536782,-0.13297468733880205,-0.20040861317402114,-0.06225739754924472,-0.2566159810884448,-0.18421247508458588,-0.3411818844977009,-0.062257397549244704,-0.043979949713354255,-0.1726924497247306,-0.7053980506705647,-0.443146341992387,-0.40831334661530866,-0.44002289510544107,-0.47400743785584826,-0.36539455845046487,2.657900343499881,-0.341181884497701,0.0,0.0
43,-0.2892436947317521,-0.24376492248763465,0.3361017921084853,-0.3571209475099353,0.6073377443304856,-0.42146574466599673,0.12241735580929684,0.227473929014731,-0.7354112882669019,-0.07319741616621765,-0.13297468733880208,-0.7426195429197501,-0.13297468733880205,-0.20040861317402114,-0.06225739754924472,-0.2566159810884448,-0.18421247508458588,-0.3411818844977009,-0.062257397549244704,-0.043979949713354255,-0.1726924497247306,1.4148972527985164,-0.443146341992387,-0.40831334661530866,2.2682132569125715,-0.47400743785584826,-0.36539455845046487,-0.3755090993024115,-0.341181884497701,0.0,0.0
44,-0.2892436947317521,-0.24376492248763465,-0.09867208575656612,-0.43675061366633644,0.7568946014938072,-0.618856797502522,-1.0314370082391977,1.820858271805774,0.4925053284018795,-0.07319741616621765,-0.13297468733880208,-0.7426195429197501,-0.13297468733880205,-0.20040861317402114,-0.06225739754924472,-0.2566159810884448,-0.18421247508458588,-0.3411818844977009,-0.062257397549244704,-0.043979949713354255,-0.1726924497247306,1.4148972527985164,-0.443146341992387,-0.40831334661530866,-0.44002289510544107,-0.47400743785584826,-0.36539455845046487,-0.3755090993024115,2.925318750415473,0.0,0.0
45,0.14294991849459449,1.3823830120427814,0.6621822005072725,-0.40240056159886944,0.5819412968876572,1.5085801052911398,1.207384892153403,-1.24334238740777,-0.0098241965989858,-0.07319741616621765,-0.13297468733880208,-0.7426195429197501,-0.13297468733880205,-0.20040861317402114,-0.06225739754924472,-0.2566159810884448,-0.18421247508458588,-0.3411818844977009,-0.062257397549244704,-0.043979949713354255,-0.1726924497247306,1.4148972527985164,-0.443146341992387,-0.40831334661530866,-0.44002289510544107,-0.47400743785584826,-0.36539455845046487,-0.3755090993024115,2.925318750415473,0.0,0.0
47,0.5751435317209411,1.3823830120427814,0.6440666222628965,-0.7583920102980751,-0.42343552727763606,0.43389548429227964,0.7079553912965922,-0.5079342291965195,-0.5121537215998508,-0.07319741616621765,-0.13297468733880208,-0.7426195429197501,-0.13297468733880205,-0.20040861317402114,-0.06225739754924472,3.8893359633717415,-0.18421247508458588,-0.3411818844977009,-0.062257397549244704,-0.043979949713354255,-0.1726924497247306,-0.7053980506705647,-0.443146341992387,2.444362331764618,-0.44002289510544107,-0.47400743785584826,-0.36539455845046487,-0.3755090993024115,-0.341181884497701,0.0,0.0
48,-0.2892436947317521,-0.24376492248763465,-0.6240238548435004,-1.3579565554756845,-1.9480286102740831,-1.0794359207877477,-1.2208757844262639,-0.5692182423807904,-1.2377408132677674,-0.07319741616621765,-0.13297468733880208,-0.7426195429197501,-0.13297468733880205,-0.20040861317402114,-0.06225739754924472,-0.2566159810884448,-0.18421247508458588,2.9253187504154727,-0.062257397549244704,-0.043979949713354255,-0.1726924497247306,-0.7053980506705647,-0.443146341992387,2.444362331764618,-0.44002289510544107,-0.47400743785584826,-0.36539455845046487,-0.3755090993024115,-0.341181884497701,0.0,0.0
49,-0.2892436947317521,-0.24376492248763465,-0.5515615418659936,-0.9160899766078109,-1.7904093888431971,-0.8820448679512224,-1.3586494398350393,0.10490590264618924,0.9948348534027444,-0.07319741616621765,-0.13297468733880208,-0.7426195429197501,-0.13297468733880205,-0.20040861317402114,-0.06225739754924472,-0.2566159810884448,-0.18421247508458588,2.9253187504154727,-0.062257397549244704,-0.043979949713354255,-0.1726924497247306,-0.7053980506705647,-0.443146341992387,2.444362331764618,-0.44002289510544107,-0.47400743785584826,-0.36539455845046487,-0.3755090993024115,-0.341181884497701,0.0,0.0
51,-0.2892436947317521,-1.0568388897528427,-0.08055650751218749,-0.17600249115419914,0.335636068513562,-0.5969244582984636,0.44962978740513826,-0.6305022555650613,-1.0144832466007159,-0.07319741616621765,-0.13297468733880208,1.3439799336536782,-0.13297468733880205,-0.20040861317402114,-0.06225739754924472,-0.2566159810884448,-0.18421247508458588,-0.3411818844977009,-0.062257397549244704,-0.043979949713354255,-0.1726924497247306,-0.7053980506705647,-0.443146341992387,-0.40831334661530866,-0.44002289510544107,2.1055909344754524,-0.36539455845046487,-0.3755090993024115,-0.341181884497701,0.0,0.0
52,-0.2892436947317521,-1.0568388897528427,0.26363947913097585,0.005115965201537243,0.4279501393771754,0.12684273543546243,0.2601910112180718,-0.1402301500908943,0.4925053284018795,-0.07319741616621765,-0.13297468733880208,1.3439799336536782,-0.13297468733880205,-0.20040861317402114,-0.06225739754924472,-0.2566159810884448,-0.18421247508458588,-0.3411818844977009,-0.062257397549244704,-0.043979949713354255,-0.1726924497247306,-0.7053980506705647,-0.443146341992387,-0.40831334661530866,-0.44002289510544107,-0.47400743785584826,-0.36539455845046487,-0.3755090993024115,2.925318750415473,0.0,0.0
53,-0.2892436947317521,-1.0568388897528427,0.26363947913097585,0.005115965201537243,0.4279501393771754,0.12684273543546243,0.2601910112180718,-0.1402301500908943,0.4925053284018795,-0.07319741616621765,-0.13297468733880208,1.3439799336536782,-0.13297468733880205,-0.20040861317402114,-0.06225739754924472,-0.2566159810884448,-0.18421247508458588,-0.3411818844977009,-0.062257397549244704,-0.043979949713354255,-0.1726924497247306,-0.7053980506705647,-0.443146341992387,-0.40831334661530866,-0.44002289510544107,-0.47400743785584826,-0.36539455845046487,-0.3755090993024115,2.925318750415473,0.0,0.0
54,-0.2892436947317521,-1.0568388897528427,0.191177166153469,0.053518311296604594,0.4569746507404074,-0.5969244582984636,-0.22201678271264175,0.04362188946191836,-0.2330817632660369,-0.07319741616621765,-0.13297468733880208,1.3439799336536782,-0.13297468733880205,-0.20040861317402114,-0.06225739754924472,-0.2566159810884448,-0.18421247508458588,-0.3411818844977009,-0.062257397549244704,-0.043979949713354255,-0.1726924497247306,-0.7053980506705647,-0.443146341992387,-0.40831334661530866,-0.44002289510544107,-0.47400743785584826,2.7314740762854424,-0.3755090993024115,-0.341181884497701,0.0,0.0
55,-0.2892436947317521,-1.0568388897528427,0.40856410508599467,0.4079483939927437,0.638780964973987,0.039113378619228895,1.5173756168231478,-1.24334238740777,-1.0144832466007159,-0.07319741616621765,-0.13297468733880208,-0.7426195429197501,-0.13297468733880205,-0.20040861317402114,-0.06225739754924472,-0.2566159810884448,-0.18421247508458588,-0.3411818844977009,-0.062257397549244704,-0.043979949713354255,-0.1726924497247306,1.4148972527985164,-0.443146341992387,-0.40831334661530866,-0.44002289510544107,-0.47400743785584826,2.7314740762854424,-0.3755090993024115,-0.341181884497701,0.0,0.0
56,-0.2892436947317521,-1.0568388897528427,-0.06244092926781142,-0.4711006657338037,0.7347230997580048,-0.5969244582984636,-0.187573368860448,1.1467341267787943,0.4925053284018795,-0.07319741616621765,-0.13297468733880208,-0.7426195429197501,-0.13297468733880205,-0.20040861317402114,-0.06225739754924472,-0.2566159810884448,-0.18421247508458588,-0.3411818844977009,-0.062257397549244704,-0.043979949713354255,-0.1726924497247306,1.4148972527985164,-0.443146341992387,-0.40831334661530866,-0.44002289510544107,-0.47400743785584826,-0.36539455845046487,2.657900343499881,-0.341181884497701,0.0,0.0
57,-0.2892436947317521,-1.0568388897528427,0.3542173703528613,-1.0050878387826123,0.579925705820766,-0.048615978197004264,-0.8764416459043252,0.35004195538327276,-0.7354112882669019,-0.07319741616621765,-0.13297468733880208,-0.7426195429197501,-0.13297468733880205,-0.20040861317402114,-0.06225739754924472,-0.2566159810884448,-0.18421247508458588,-0.3411818844977009,-0.062257397549244704,-0.043979949713354255,5.7794406507876515,-0.7053980506705647,-0.443146341992387,-0.40831334661530866,-0.44002289510544107,2.1055909344754524,-0.36539455845046487,-0.3755090993024115,-0.341181884497701,0.0,0.0
58,-1.1536309211844453,-1.8699128570180508,-1.2037223586635681,-1.5859159919234218,-2.0717859017811984,-1.5180827048689152,-0.8592199389782283,-0.26279817645943604,0.7715772867356935,-0.07319741616621765,-0.13297468733880208,-0.7426195429197501,-0.13297468733880205,4.980154037374425,-0.06225739754924472,-0.2566159810884448,-0.18421247508458588,-0.3411818844977009,-0.062257397549244704,-0.043979949713354255,-0.1726924497247306,-0.7053980506705647,-0.443146341992387,2.444362331764618,-0.44002289510544107,-0.47400743785584826,-0.36539455845046487,-0.3755090993024115,-0.341181884497701,0.0,0.0
59,-1.1536309211844453,-1.8699128570180508,-0.7327173243097646,-1.5250227178038207,-2.035505262577158,-0.8162478503390473,-1.134767249795779,0.41132596856754366,-1.7400703382686324,-0.07319741616621765,-0.13297468733880208,-0.7426195429197501,-0.13297468733880205,4.980154037374425,-0.06225739754924472,-0.2566159810884448,-0.18421247508458588,-0.3411818844977009,-0.062257397549244704,-0.043979949713354255,-0.1726924497247306,-0.7053980506705647,2.2522261145966023,-0.40831334661530866,-0.44002289510544107,-0.47400743785584826,-0.36539455845046487,-0.3755090993024115,-0.341181884497701,0.0,0.0
60,-1.1536309211844453,-1.8699128570180508,-0.2435967117115824,-0.9301422706354112,-1.7968592802572487,0.12684273543546243,-1.2725409052045547,-0.32408218964370694,0.9948348534027444,-0.07319741616621765,-0.13297468733880208,-0.7426195429197501,-0.13297468733880205,-0.20040861317402114,-0.06225739754924472,-0.2566159810884448,-0.18421247508458588,2.9253187504154727,-0.062257397549244704,-0.043979949713354255,-0.1726924497247306,-0.7053980506705647,-0.443146341992387,-0.40831334661530866,-0.44002289510544107,2.1055909344754524,-0.36539455845046487,-0.3755090993024115,-0.341181884497701,0.0,0.0
61,-1.1536309211844453,-1.8699128570180508,-0.2435967117115824,-0.9301422706354112,-1.7968592802572487,0.12684273543546243,-2.3058433207703706,0.9015980740417107,1.2739068117365584,-0.07319741616621765,-0.13297468733880208,-0.7426195429197501,-0.13297468733880205,-0.20040861317402114,-0.06225739754924472,-0.2566159810884448,-0.18421247508458588,2.9253187504154727,-0.062257397549244704,-0.043979949713354255,-0.1726924497247306,-0.7053980506705647,-0.443146341992387,-0.40831334661530866,-0.44002289510544107,2.1055909344754524,-0.36539455845046487,-0.3755090993024115,-0.341181884497701,0.0,0.0
62,-1.1536309211844453,-1.8699128570180508,0.42667968333037076,-0.5554144298994051,-0.32789651070699655,-0.2898717094416464,-0.015356299599478717,-0.5692182423807904,0.4925053284018795,-0.07319741616621765,-0.13297468733880208,1.3439799336536782,-0.13297468733880205,-0.20040861317402114,-0.06225739754924472,-0.2566159810884448,-0.18421247508458588,-0.3411818844977009,-0.062257397549244704,-0.043979949713354255,-0.1726924497247306,-0.7053980506705647,-0.443146341992387,-0.40831334661530866,-0.44002289510544107,-0.47400743785584826,2.7314740762854424,-0.3755090993024115,-0.341181884497701,0.0,0.0
63,-1.1536309211844453,-1.8699128570180508,-0.08055650751218749,-0.17600249115419914,0.335636068513562,-0.5969244582984636,0.3290778389224599,-0.6917862687493322,-0.7354112882669019,-0.07319741616621765,-0.13297468733880208,1.3439799336536782,-0.13297468733880205,-0.20040861317402114,-0.06225739754924472,-0.2566159810884448,-0.18421247508458588,-0.3411818844977009,-0.062257397549244704,-0.043979949713354255,-0.1726924497247306,-0.7053980506705647,-0.443146341992387,-0.40831334661530866,-0.44002289510544107,2.1055909344754524,-0.36539455845046487,-0.3755090993024115,-0.341181884497701,0.0,0.0
64,-1.1536309211844453,-1.8699128570180508,0.08248369668720486,-0.11979331504379809,0.36627305273030675,-0.7065861543187555,0.7251770982226894,-0.8143542951178739,-0.5121537215998508,-0.07319741616621765,-0.13297468733880208,1.3439799336536782,-0.13297468733880205,-0.20040861317402114,-0.06225739754924472,-0.2566159810884448,-0.18421247508458588,-0.3411818844977009,-0.062257397549244704,-0.043979949713354255,-0.1726924497247306,-0.7053980506705647,-0.443146341992387,2.444362331764618,-0.44002289510544107,-0.47400743785584826,-0.36539455845046487,-0.3755090993024115,-0.341181884497701,0.0,0.0
65,-1.1536309211844453,-1.8699128570180508,0.191177166153469,0.053518311296604594,0.4569746507404074,-0.5969244582984636,-0.04979971345167245,-0.017662123722352516,0.2692477617348282,-0.07319741616621765,-0.13297468733880208,1.3439799336536782,-0.13297468733880205,-0.20040861317402114,-0.06225739754924472,-0.2566159810884448,-0.18421247508458588,-0.3411818844977009,-0.062257397549244704,-0.043979949713354255,-0.1726924497247306,-0.7053980506705647,-0.443146341992387,-0.40831334661530866,-0.44002289510544107,-0.47400743785584826,2.7314740762854424,-0.3755090993024115,-0.341181884497701,0.0,0.0
66,-1.1536309211844453,-1.8699128570180508,0.3179862138641092,0.10972748740700564,0.4839835710367486,0.6970835547409799,0.7079553912965922,-0.4466502160122487,0.2692477617348282,-0.07319741616621765,-0.13297468733880208,-0.7426195429197501,-0.13297468733880205,-0.20040861317402114,-0.06225739754924472,-0.2566159810884448,-0.18421247508458588,-0.3411818844977009,-0.062257397549244704,-0.043979949713354255,-0.1726924497247306,1.4148972527985164,2.2522261145966023,-0.40831334661530866,-0.44002289510544107,-0.47400743785584826,-0.36539455845046487,-0.3755090993024115,-0.341181884497701,0.0,0.0
67,-1.1536309211844453,-1.8699128570180508,0.3179862138641092,0.10972748740700564,0.4839835710367486,0.6970835547409799,0.12241735580929684,-0.6917862687493322,0.7715772867356935,-0.07319741616621765,-0.13297468733880208,-0.7426195429197501,-0.13297468733880205,-0.20040861317402114,-0.06225739754924472,-0.2566159810884448,-0.18421247508458588,-0.3411818844977009,-0.062257397549244704,-0.043979949713354255,-0.1726924497247306,1.4148972527985164,2.2522261145966023,-0.40831334661530866,-0.44002289510544107,-0.47400743785584826,-0.36539455845046487,-0.3755090993024115,-0.341181884497701,0.0,0.0
69,-0.2892436947317521,0.5693090447775734,0.191177166153469,-1.2111881511874156,-1.8964294789616702,-0.0047512997888876874,-0.29090361041702983,-1.1207743610392285,0.2692477617348282,-0.07319741616621765,-0.13297468733880208,-0.7426195429197501,-0.13297468733880205,-0.20040861317402114,-0.06225739754924472,-0.2566159810884448,-0.18421247508458588,2.9253187504154727,-0.062257397549244704,-0.043979949713354255,-0.1726924497247306,-0.7053980506705647,2.2522261145966023,-0.40831334661530866,-0.44002289510544107,-0.47400743785584826,-0.36539455845046487,-0.3755090993024115,-0.341181884497701,0.0,0.0
70,-0.2892436947317521,0.5693090447775734,0.10059927493158351,-0.9769832507274119,-1.8145964816458906,0.7628805723531552,-0.5320075073823866,-1.0594903478549575,1.9994939034044745,-0.07319741616621765,-0.13297468733880208,-0.7426195429197501,-0.13297468733880205,-0.20040861317402114,-0.06225739754924472,-0.2566159810884448,-0.18421247508458588,2.9253187504154727,-0.062257397549244704,-0.043979949713354255,-0.1726924497247306,-0.7053980506705647,2.2522261145966023,-0.40831334661530866,-0.44002289510544107,-0.47400743785584826,-0.36539455845046487,-0.3755090993024115,-0.341181884497701,0.0,0.0
71,-0.2892436947317521,0.5693090447775734,0.6621822005072725,-0.40240056159886944,0.5819412968876572,1.5085801052911398,-0.20479507578654518,-0.4466502160122487,-0.2330817632660369,-0.07319741616621765,-0.13297468733880208,-0.7426195429197501,-0.13297468733880205,-0.20040861317402114,-0.06225739754924472,-0.2566159810884448,-0.18421247508458588,-0.3411818844977009,-0.062257397549244704,-0.043979949713354255,-0.1726924497247306,1.4148972527985164,2.2522261145966023,-0.40831334661530866,-0.44002289510544107,-0.47400743785584826,-0.36539455845046487,-0.3755090993024115,-0.341181884497701,0.0,0.0
72,0.14294991849459449,-0.24376492248763465,0.191177166153469,-1.2111881511874156,-1.8964294789616702,-0.0047512997888876874,-0.5664509212345806,-1.1820583742234991,1.2739068117365584,-0.07319741616621765,-0.13297468733880208,-0.7426195429197501,-0.13297468733880205,-0.20040861317402114,-0.06225739754924472,-0.2566159810884448,-0.18421247508458588,2.9253187504154727,-0.062257397549244704,-0.043979949713354255,-0.1726924497247306,-0.7053980506705647,2.2522261145966023,-0.40831334661530866,-0.44002289510544107,-0.47400743785584826,-0.36539455845046487,-0.3755090993024115,-0.341181884497701,0.0,0.0
73,0.14294991849459449,-0.24376492248763465,-0.3341746029334679,0.5687690923086131,0.26831532687939824,-0.0047512997888876874,-0.27368190349093263,-0.0789461369066234,0.2692477617348282,-0.07319741616621765,-0.13297468733880208,1.3439799336536782,-0.13297468733880205,-0.20040861317402114,-0.06225739754924472,-0.2566159810884448,-0.18421247508458588,-0.3411818844977009,-0.062257397549244704,-0.043979949713354255,-0.1726924497247306,-0.7053980506705647,-0.443146341992387,-0.40831334661530866,-0.44002289510544107,-0.47400743785584826,-0.36539455845046487,2.657900343499881,-0.341181884497701,0.0,0.0
75,1.871724371399981,3.8216049138384056,-1.1674912021748134,-1.624950142000089,-2.1016166495711865,-0.2898717094416464,-2.0991828376572075,2.1272783377271285,-0.5121537215998508,-0.07319741616621765,-0.13297468733880208,-0.7426195429197501,-0.13297468733880205,4.980154037374425,-0.06225739754924472,-0.2566159810884448,-0.18421247508458588,-0.3411818844977009,-0.062257397549244704,-0.043979949713354255,-0.1726924497247306,-0.7053980506705647,-0.443146341992387,-0.40831334661530866,-0.44002289510544107,-0.47400743785584826,2.7314740762854424,-0.3755090993024115,-0.341181884497701,0.0,0.0
76,1.871724371399981,3.8216049138384056,-0.7327173243097646,-1.5250227178038207,-2.035505262577158,-0.8162478503390473,-0.5492292143084838,-0.0789461369066234,-0.5121537215998508,-0.07319741616621765,-0.13297468733880208,-0.7426195429197501,-0.13297468733880205,4.980154037374425,-0.06225739754924472,-0.2566159810884448,-0.18421247508458588,-0.3411818844977009,-0.062257397549244704,-0.043979949713354255,-0.1726924497247306,-0.7053980506705647,2.2522261145966023,-0.40831334661530866,-0.44002289510544107,-0.47400743785584826,-0.36539455845046487,-0.3755090993024115,-0.341181884497701,0.0,0.0
77,-1.585824534410792,-1.0568388897528427,-0.5515615418659936,-0.9160899766078109,-1.7904093888431971,-0.8820448679512224,-1.8236355268396562,1.6982902454372322,-0.5121537215998508,-0.07319741616621765,-0.13297468733880208,-0.7426195429197501,-0.13297468733880205,-0.20040861317402114,-0.06225739754924472,-0.2566159810884448,-0.18421247508458588,2.9253187504154727,-0.062257397549244704,-0.043979949713354255,-0.1726924497247306,-0.7053980506705647,-0.443146341992387,2.444362331764618,-0.44002289510544107,-0.47400743785584826,-0.36539455845046487,-0.3755090993024115,-0.341181884497701,0.0,0.0
78,-1.585824534410792,-1.8699128570180508,-0.09867208575656612,-0.044847746896596936,-0.07312579985195858,0.7628805723531552,-0.7214462835694531,1.3305861663316068,-0.7354112882669019,-0.07319741616621765,-0.13297468733880208,1.3439799336536782,-0.13297468733880205,-0.20040861317402114,-0.06225739754924472,-0.2566159810884448,-0.18421247508458588,-0.3411818844977009,-0.062257397549244704,-0.043979949713354255,-0.1726924497247306,-0.7053980506705647,2.2522261145966023,-0.40831334661530866,-0.44002289510544107,-0.47400743785584826,-0.36539455845046487,-0.3755090993024115,-0.341181884497701,0.0,0.0
79,-1.585824534410792,-1.8699128570180508,0.06436811844282879,0.1612525655082064,0.05506579200231727,-0.443398083870055,0.4668514943312354,-1.5497624533291245,1.4971643784036097,-0.07319741616621765,-0.13297468733880208,1.3439799336536782,-0.13297468733880205,-0.20040861317402114,-0.06225739754924472,-0.2566159810884448,-0.18421247508458588,-0.3411818844977009,-0.062257397549244704,-0.043979949713354255,-0.1726924497247306,-0.7053980506705647,-0.443146341992387,-0.40831334661530866,-0.44002289510544107,-0.47400743785584826,-0.36539455845046487,2.657900343499881,-0.341181884497701,0.0,0.0
80,-1.585824534410792,-1.8699128570180508,0.1368304314203382,0.4922621581583451,0.21550684092685066,0.34616612747604614,0.10519564888319967,-0.32408218964370694,1.2739068117365584,-0.07319741616621765,-0.13297468733880208,1.3439799336536782,-0.13297468733880205,-0.20040861317402114,-0.06225739754924472,-0.2566159810884448,-0.18421247508458588,-0.3411818844977009,-0.062257397549244704,-0.043979949713354255,-0.1726924497247306,-0.7053980506705647,-0.443146341992387,-0.40831334661530866,-0.44002289510544107,2.1055909344754524,-0.36539455845046487,-0.3755090993024115,-0.341181884497701,0.0,0.0
81,-1.585824534410792,-1.8699128570180508,-0.08055650751218749,-0.17600249115419914,0.335636068513562,-0.5969244582984636,-0.17035166193435144,-0.017662123722352516,-1.0144832466007159,-0.07319741616621765,-0.13297468733880208,1.3439799336536782,-0.13297468733880205,-0.20040861317402114,-0.06225739754924472,-0.2566159810884448,-0.18421247508458588,-0.3411818844977009,-0.062257397549244704,-0.043979949713354255,-0.1726924497247306,-0.7053980506705647,-0.443146341992387,-0.40831334661530866,-0.44002289510544107,2.1055909344754524,-0.36539455845046487,-0.3755090993024115,-0.341181884497701,0.0,0.0
82,-1.585824534410792,-1.8699128570180508,0.752760091729158,-0.0401636488873969,0.3997318644406997,1.7498358365357818,-0.04979971345167245,0.41132596856754366,0.2692477617348282,-0.07319741616621765,-0.13297468733880208,1.3439799336536782,-0.13297468733880205,-0.20040861317402114,-0.06225739754924472,-0.2566159810884448,-0.18421247508458588,-0.3411818844977009,-0.062257397549244704,-0.043979949713354255,-0.1726924497247306,-0.7053980506705647,-0.443146341992387,-0.40831334661530866,-0.44002289510544107,-0.47400743785584826,-0.36539455845046487,2.657900343499881,-0.341181884497701,0.0,0.0
84,-1.585824534410792,-1.8699128570180508,0.191177166153469,0.053518311296604594,0.4569746507404074,-0.5969244582984636,0.22574759736587804,0.04362188946191836,-0.2330817632660369,-0.07319741616621765,-0.13297468733880208,1.3439799336536782,-0.13297468733880205,-0.20040861317402114,-0.06225739754924472,-0.2566159810884448,-0.18421247508458588,-0.3411818844977009,-0.062257397549244704,-0.043979949713354255,-0.1726924497247306,-0.7053980506705647,-0.443146341992387,-0.40831334661530866,-0.44002289510544107,-0.47400743785584826,2.7314740762854424,-0.3755090993024115,-0.341181884497701,0.0,0.0
85,-1.585824534410792,-1.8699128570180508,0.40856410508599467,0.4079483939927437,0.638780964973987,0.039113378619228895,0.44962978740513826,-1.794898506066208,-1.7400703382686324,-0.07319741616621765,-0.13297468733880208,-0.7426195429197501,-0.13297468733880205,-0.20040861317402114,-0.06225739754924472,-0.2566159810884448,-0.18421247508458588,-0.3411818844977009,-0.062257397549244704,-0.043979949713354255,-0.1726924497247306,1.4148972527985164,-0.443146341992387,-0.40831334661530866,-0.44002289510544107,-0.47400743785584826,2.7314740762854424,-0.3755090993024115,-0.341181884497701,0.0,0.0
86,-1.585824534410792,-1.8699128570180508,0.40856410508599467,0.4079483939927437,0.638780964973987,0.039113378619228895,1.1212763575229183,-1.0594903478549575,-1.0144832466007159,-0.07319741616621765,-0.13297468733880208,-0.7426195429197501,-0.13297468733880205,-0.20040861317402114,-0.06225739754924472,-0.2566159810884448,-0.18421247508458588,-0.3411818844977009,-0.062257397549244704,-0.043979949713354255,-0.1726924497247306,1.4148972527985164,-0.443146341992387,-0.40831334661530866,-0.44002289510544107,-0.47400743785584826,2.7314740762854424,-0.3755090993024115,-0.341181884497701,0.0,0.0
87,-1.585824534410792,-1.8699128570180508,0.40856410508599467,0.4079483939927437,0.638780964973987,0.039113378619228895,0.6046251497400104,-0.6305022555650613,-1.0144832466007159,-0.07319741616621765,-0.13297468733880208,-0.7426195429197501,-0.13297468733880205,-0.20040861317402114,-0.06225739754924472,-0.2566159810884448,-0.18421247508458588,-0.3411818844977009,-0.062257397549244704,-0.043979949713354255,-0.1726924497247306,1.4148972527985164,-0.443146341992387,-0.40831334661530866,-0.44002289510544107,-0.47400743785584826,2.7314740762854424,-0.3755090993024115,-0.341181884497701,0.0,0.0
88,-1.585824534410792,-1.8699128570180508,0.5172575745522563,0.5999964123699469,0.728273208343953,-0.20214235262541308,1.1040546505968216,-0.5079342291965195,-0.2330817632660369,-0.07319741616621765,-0.13297468733880208,-0.7426195429197501,-0.13297468733880205,-0.20040861317402114,-0.06225739754924472,-0.2566159810884448,-0.18421247508458588,-0.3411818844977009,-0.062257397549244704,-0.043979949713354255,-0.1726924497247306,1.4148972527985164,-0.443146341992387,-0.40831334661530866,-0.44002289510544107,2.1055909344754524,-0.36539455845046487,-0.3755090993024115,-0.341181884497701,0.0,0.0
89,0.5751435317209411,0.5693090447775734,0.191177166153469,-1.1721540011107483,-1.883126577920189,-0.2679393702375881,-0.2564601965648361,-1.1820583742234991,0.4925053284018795,-0.07319741616621765,-0.13297468733880208,-0.7426195429197501,-0.13297468733880205,-0.20040861317402114,-0.06225739754924472,-0.2566159810884448,-0.18421247508458588,2.9253187504154727,-0.062257397549244704,-0.043979949713354255,-0.1726924497247306,-0.7053980506705647,-0.443146341992387,-0.40831334661530866,2.2682132569125715,-0.47400743785584826,-0.36539455845046487,-0.3755090993024115,-0.341181884497701,0.0,0.0
90,0.5751435317209411,0.5693090447775734,-0.08055650751218749,-0.21815937323699963,0.30741779357708626,-0.026683638992945978,-0.7214462835694531,0.9015980740417107,0.9948348534027444,-0.07319741616621765,-0.13297468733880208,1.3439799336536782,-0.13297468733880205,-0.20040861317402114,-0.06225739754924472,-0.2566159810884448,-0.18421247508458588,-0.3411818844977009,-0.062257397549244704,-0.043979949713354255,-0.1726924497247306,-0.7053980506705647,-0.443146341992387,-0.40831334661530866,2.2682132569125715,-0.47400743785584826,-0.36539455845046487,-0.3755090993024115,-0.341181884497701,0.0,0.0
91,1.4395307581736343,1.3823830120427814,0.191177166153469,-1.1721540011107483,-1.883126577920189,-0.2679393702375881,-0.2564601965648361,-1.24334238740777,0.7715772867356935,-0.07319741616621765,-0.13297468733880208,-0.7426195429197501,-0.13297468733880205,-0.20040861317402114,-0.06225739754924472,-0.2566159810884448,-0.18421247508458588,2.9253187504154727,-0.062257397549244704,-0.043979949713354255,-0.1726924497247306,-0.7053980506705647,2.2522261145966023,-0.40831334661530866,-0.44002289510544107,-0.47400743785584826,-0.36539455845046487,-0.3755090993024115,-0.341181884497701,0.0,0.0
92,1.4395307581736343,1.3823830120427814,0.29987063561973054,-0.399277829592736,-0.24162921304405646,1.245392034842439,0.3290778389224599,-0.753070281933603,1.2739068117365584,-0.07319741616621765,-0.13297468733880208,1.3439799336536782,-0.13297468733880205,-0.20040861317402114,-0.06225739754924472,-0.2566159810884448,-0.18421247508458588,-0.3411818844977009,-0.062257397549244704,-0.043979949713354255,-0.1726924497247306,-0.7053980506705647,-0.443146341992387,-0.40831334661530866,-0.44002289510544107,2.1055909344754524,-0.36539455845046487,-0.3755090993024115,-0.341181884497701,0.0,0.0
93,1.4395307581736343,1.3823830120427814,0.1368304314203382,0.4922621581583451,0.21550684092685066,0.34616612747604614,-0.11868654115606053,-0.0789461369066234,0.4925053284018795,-0.07319741616621765,-0.13297468733880208,1.3439799336536782,-0.13297468733880205,-0.20040861317402114,-0.06225739754924472,-0.2566159810884448,-0.18421247508458588,-0.3411818844977009,-0.062257397549244704,-0.043979949713354255,-0.1726924497247306,-0.7053980506705647,-0.443146341992387,-0.40831334661530866,-0.44002289510544107,2.1055909344754524,-0.36539455845046487,-0.3755090993024115,-0.341181884497701,0.0,0.0
94,1.4395307581736343,1.3823830120427814,0.08248369668720486,-0.11979331504379809,0.36627305273030675,-0.7065861543187555,0.7768422190009797,-1.3659104137763118,-0.7354112882669019,-0.07319741616621765,-0.13297468733880208,1.3439799336536782,-0.13297468733880205,-0.20040861317402114,-0.06225739754924472,-0.2566159810884448,-0.18421247508458588,-0.3411818844977009,-0.062257397549244704,-0.043979949713354255,-0.1726924497247306,-0.7053980506705647,-0.443146341992387,2.444362331764618,-0.44002289510544107,-0.47400743785584826,-0.36539455845046487,-0.3755090993024115,-0.341181884497701,0.0,0.0
95,-0.2892436947317521,-0.24376492248763465,-0.17113439873407296,-0.32589362744860145,0.6307186007064225,-0.9259095463593392,-0.187573368860448,1.2080181399630652,-1.5168127716015813,-0.07319741616621765,-0.13297468733880208,-0.7426195429197501,-0.13297468733880205,-0.20040861317402114,-0.06225739754924472,-0.2566159810884448,-0.18421247508458588,-0.3411818844977009,-0.062257397549244704,-0.043979949713354255,-0.1726924497247306,1.4148972527985164,-0.443146341992387,-0.40831334661530866,-0.44002289510544107,2.1055909344754524,-0.36539455845046487,-0.3755090993024115,-0.341181884497701,0.0,0.0
96,-0.7214373079580987,-0.24376492248763465,-1.2218379369079442,-1.6062137499632887,-2.0871043938895704,-1.4084210088486233,-1.0658804220913916,0.227473929014731,-1.2377408132677674,-0.07319741616621765,-0.13297468733880208,-0.7426195429197501,-0.13297468733880205,4.980154037374425,-0.06225739754924472,-0.2566159810884448,-0.18421247508458588,-0.3411818844977009,-0.062257397549244704,-0.043979949713354255,-0.1726924497247306,-0.7053980506705647,-0.443146341992387,-0.40831334661530866,2.2682132569125715,-0.47400743785584826,-0.36539455845046487,-0.3755090993024115,-0.341181884497701,0.0,0.0
97,-0.7214373079580987,-0.24376492248763465,-3.9210590953201327,-1.6936502461350234,-2.14636277125617,-1.8251354537257323,-0.2564601965648361,-1.24334238740777,0.7715772867356935,-0.07319741616621765,-0.13297468733880208,-0.7426195429197501,-0.13297468733880205,-0.20040861317402114,-0.06225739754924472,-0.2566159810884448,-0.18421247508458588,2.9253187504154727,-0.062257397549244704,-0.043979949713354255,-0.1726924497247306,-0.7053980506705647,-0.443146341992387,-0.40831334661530866,2.2682132569125715,-0.47400743785584826,-0.36539455845046487,-0.3755090993024115,-0.341181884497701,0.0,0.0
98,-0.7214373079580987,-0.24376492248763465,0.1368304314203382,0.4922621581583451,0.21550684092685066,0.34616612747604614,-1.2553191982784577,2.6175504432012953,0.2692477617348282,-0.07319741616621765,-0.13297468733880208,1.3439799336536782,-0.13297468733880205,-0.20040861317402114,-0.06225739754924472,-0.2566159810884448,-0.18421247508458588,-0.3411818844977009,-0.062257397549244704,-0.043979949713354255,-0.1726924497247306,-0.7053980506705647,-0.443146341992387,-0.40831334661530866,-0.44002289510544107,2.1055909344754524,-0.36539455845046487,-0.3755090993024115,-0.341181884497701,0.0,0.0
99,-0.7214373079580987,-0.24376492248763465,0.1368304314203382,0.4922621581583451,0.21550684092685066,0.34616612747604614,0.15686076966149057,-0.32408218964370694,0.7715772867356935,-0.07319741616621765,-0.13297468733880208,1.3439799336536782,-0.13297468733880205,-0.20040861317402114,-0.06225739754924472,-0.2566159810884448,-0.18421247508458588,-0.3411818844977009,-0.062257397549244704,-0.043979949713354255,-0.1726924497247306,-0.7053980506705647,-0.443146341992387,-0.40831334661530866,-0.44002289510544107,2.1055909344754524,-0.36539455845046487,-0.3755090993024115,-0.341181884497701,0.0,0.0
